file_path,label
BearData\Bear\image_1.jpg,0
BearData\Bear\image_10.jpg,0
BearData\Bear\image_100.jpg,0
BearData\Bear\image_1000.jpg,0
BearData\Bear\image_1001.jpg,0
BearData\Bear\image_1002.jpg,0
BearData\Bear\image_1003.jpg,0
BearData\Bear\image_1004.jpg,0
BearData\Bear\image_1005.jpg,0
BearData\Bear\image_1006.jpg,0
BearData\Bear\image_1007.jpg,0
BearData\Bear\image_1008.jpg,0
BearData\Bear\image_1009.jpg,0
BearData\Bear\image_101.jpg,0
BearData\Bear\image_1010.jpg,0
BearData\Bear\image_1011.jpg,0
BearData\Bear\image_1012.jpg,0
BearData\Bear\image_1013.jpg,0
BearData\Bear\image_1014.jpg,0
BearData\Bear\image_1015.jpg,0
BearData\Bear\image_1016.jpg,0
BearData\Bear\image_1017.jpg,0
BearData\Bear\image_1018.jpg,0
BearData\Bear\image_1019.jpg,0
BearData\Bear\image_102.jpg,0
BearData\Bear\image_1020.jpg,0
BearData\Bear\image_1021.jpg,0
BearData\Bear\image_1022.jpg,0
BearData\Bear\image_1023.jpg,0
BearData\Bear\image_1024.jpg,0
BearData\Bear\image_1025.jpg,0
BearData\Bear\image_1026.jpg,0
BearData\Bear\image_1027.jpg,0
BearData\Bear\image_1028.jpg,0
BearData\Bear\image_1029.jpg,0
BearData\Bear\image_103.jpg,0
BearData\Bear\image_1030.jpg,0
BearData\Bear\image_1031.jpg,0
BearData\Bear\image_1032.jpg,0
BearData\Bear\image_1033.jpg,0
BearData\Bear\image_1034.jpg,0
BearData\Bear\image_1035.jpg,0
BearData\Bear\image_1036.jpg,0
BearData\Bear\image_104.jpg,0
BearData\Bear\image_105.jpg,0
BearData\Bear\image_106.jpg,0
BearData\Bear\image_107.jpg,0
BearData\Bear\image_108.jpg,0
BearData\Bear\image_109.jpg,0
BearData\Bear\image_11.jpg,0
BearData\Bear\image_110.jpg,0
BearData\Bear\image_111.jpg,0
BearData\Bear\image_112.jpg,0
BearData\Bear\image_113.jpg,0
BearData\Bear\image_114.jpg,0
BearData\Bear\image_115.jpg,0
BearData\Bear\image_116.jpg,0
BearData\Bear\image_117.jpg,0
BearData\Bear\image_118.jpg,0
BearData\Bear\image_119.jpg,0
BearData\Bear\image_12.jpg,0
BearData\Bear\image_120.jpg,0
BearData\Bear\image_121.jpg,0
BearData\Bear\image_122.jpg,0
BearData\Bear\image_123.jpg,0
BearData\Bear\image_124.jpg,0
BearData\Bear\image_125.jpg,0
BearData\Bear\image_126.jpg,0
BearData\Bear\image_127.jpg,0
BearData\Bear\image_128.jpg,0
BearData\Bear\image_129.jpg,0
BearData\Bear\image_13.jpg,0
BearData\Bear\image_130.jpg,0
BearData\Bear\image_131.jpg,0
BearData\Bear\image_132.jpg,0
BearData\Bear\image_133.jpg,0
BearData\Bear\image_134.jpg,0
BearData\Bear\image_135.jpg,0
BearData\Bear\image_136.jpg,0
BearData\Bear\image_137.jpg,0
BearData\Bear\image_138.jpg,0
BearData\Bear\image_139.jpg,0
BearData\Bear\image_14.jpg,0
BearData\Bear\image_140.jpg,0
BearData\Bear\image_141.jpg,0
BearData\Bear\image_142.jpg,0
BearData\Bear\image_143.jpg,0
BearData\Bear\image_144.jpg,0
BearData\Bear\image_145.jpg,0
BearData\Bear\image_146.jpg,0
BearData\Bear\image_147.jpg,0
BearData\Bear\image_148.jpg,0
BearData\Bear\image_149.jpg,0
BearData\Bear\image_15.jpg,0
BearData\Bear\image_150.jpg,0
BearData\Bear\image_151.jpg,0
BearData\Bear\image_152.jpg,0
BearData\Bear\image_153.jpg,0
BearData\Bear\image_154.jpg,0
BearData\Bear\image_155.jpg,0
BearData\Bear\image_156.jpg,0
BearData\Bear\image_157.jpg,0
BearData\Bear\image_158.jpg,0
BearData\Bear\image_159.jpg,0
BearData\Bear\image_16.jpg,0
BearData\Bear\image_160.jpg,0
BearData\Bear\image_161.jpg,0
BearData\Bear\image_162.jpg,0
BearData\Bear\image_163.jpg,0
BearData\Bear\image_164.jpg,0
BearData\Bear\image_165.jpg,0
BearData\Bear\image_166.jpg,0
BearData\Bear\image_167.jpg,0
BearData\Bear\image_168.jpg,0
BearData\Bear\image_169.jpg,0
BearData\Bear\image_17.jpg,0
BearData\Bear\image_170.jpg,0
BearData\Bear\image_171.jpg,0
BearData\Bear\image_172.jpg,0
BearData\Bear\image_173.jpg,0
BearData\Bear\image_174.jpg,0
BearData\Bear\image_175.jpg,0
BearData\Bear\image_176.jpg,0
BearData\Bear\image_177.jpg,0
BearData\Bear\image_178.jpg,0
BearData\Bear\image_179.jpg,0
BearData\Bear\image_18.jpg,0
BearData\Bear\image_180.jpg,0
BearData\Bear\image_181.jpg,0
BearData\Bear\image_182.jpg,0
BearData\Bear\image_183.jpg,0
BearData\Bear\image_184.jpg,0
BearData\Bear\image_185.jpg,0
BearData\Bear\image_186.jpg,0
BearData\Bear\image_187.jpg,0
BearData\Bear\image_188.jpg,0
BearData\Bear\image_189.jpg,0
BearData\Bear\image_19.jpg,0
BearData\Bear\image_190.jpg,0
BearData\Bear\image_191.jpg,0
BearData\Bear\image_192.jpg,0
BearData\Bear\image_193.jpg,0
BearData\Bear\image_194.jpg,0
BearData\Bear\image_195.jpg,0
BearData\Bear\image_196.jpg,0
BearData\Bear\image_197.jpg,0
BearData\Bear\image_198.jpg,0
BearData\Bear\image_199.jpg,0
BearData\Bear\image_2.jpg,0
BearData\Bear\image_20.jpg,0
BearData\Bear\image_200.jpg,0
BearData\Bear\image_201.jpg,0
BearData\Bear\image_202.jpg,0
BearData\Bear\image_203.jpg,0
BearData\Bear\image_204.jpg,0
BearData\Bear\image_205.jpg,0
BearData\Bear\image_206.jpg,0
BearData\Bear\image_207.jpg,0
BearData\Bear\image_208.jpg,0
BearData\Bear\image_209.jpg,0
BearData\Bear\image_21.jpg,0
BearData\Bear\image_210.jpg,0
BearData\Bear\image_211.jpg,0
BearData\Bear\image_212.jpg,0
BearData\Bear\image_213.jpg,0
BearData\Bear\image_214.jpg,0
BearData\Bear\image_215.jpg,0
BearData\Bear\image_216.jpg,0
BearData\Bear\image_217.jpg,0
BearData\Bear\image_218.jpg,0
BearData\Bear\image_219.jpg,0
BearData\Bear\image_22.jpg,0
BearData\Bear\image_220.jpg,0
BearData\Bear\image_221.jpg,0
BearData\Bear\image_222.jpg,0
BearData\Bear\image_223.jpg,0
BearData\Bear\image_224.jpg,0
BearData\Bear\image_225.jpg,0
BearData\Bear\image_226.jpg,0
BearData\Bear\image_227.jpg,0
BearData\Bear\image_228.jpg,0
BearData\Bear\image_229.jpg,0
BearData\Bear\image_23.jpg,0
BearData\Bear\image_230.jpg,0
BearData\Bear\image_231.jpg,0
BearData\Bear\image_232.jpg,0
BearData\Bear\image_233.jpg,0
BearData\Bear\image_234.jpg,0
BearData\Bear\image_235.jpg,0
BearData\Bear\image_236.jpg,0
BearData\Bear\image_237.jpg,0
BearData\Bear\image_238.jpg,0
BearData\Bear\image_239.jpg,0
BearData\Bear\image_24.jpg,0
BearData\Bear\image_240.jpg,0
BearData\Bear\image_241.jpg,0
BearData\Bear\image_242.jpg,0
BearData\Bear\image_243.jpg,0
BearData\Bear\image_244.jpg,0
BearData\Bear\image_245.jpg,0
BearData\Bear\image_246.jpg,0
BearData\Bear\image_247.jpg,0
BearData\Bear\image_248.jpg,0
BearData\Bear\image_249.jpg,0
BearData\Bear\image_25.jpg,0
BearData\Bear\image_250.jpg,0
BearData\Bear\image_251.jpg,0
BearData\Bear\image_252.jpg,0
BearData\Bear\image_253.jpg,0
BearData\Bear\image_254.jpg,0
BearData\Bear\image_255.jpg,0
BearData\Bear\image_256.jpg,0
BearData\Bear\image_257.jpg,0
BearData\Bear\image_258.jpg,0
BearData\Bear\image_259.jpg,0
BearData\Bear\image_26.jpg,0
BearData\Bear\image_260.jpg,0
BearData\Bear\image_261.jpg,0
BearData\Bear\image_262.jpg,0
BearData\Bear\image_263.jpg,0
BearData\Bear\image_264.jpg,0
BearData\Bear\image_265.jpg,0
BearData\Bear\image_266.jpg,0
BearData\Bear\image_267.jpg,0
BearData\Bear\image_268.jpg,0
BearData\Bear\image_269.jpg,0
BearData\Bear\image_27.jpg,0
BearData\Bear\image_270.jpg,0
BearData\Bear\image_271.jpg,0
BearData\Bear\image_272.jpg,0
BearData\Bear\image_273.jpg,0
BearData\Bear\image_274.jpg,0
BearData\Bear\image_275.jpg,0
BearData\Bear\image_276.jpg,0
BearData\Bear\image_277.jpg,0
BearData\Bear\image_278.jpg,0
BearData\Bear\image_279.jpg,0
BearData\Bear\image_28.jpg,0
BearData\Bear\image_280.jpg,0
BearData\Bear\image_281.jpg,0
BearData\Bear\image_282.jpg,0
BearData\Bear\image_283.jpg,0
BearData\Bear\image_284.jpg,0
BearData\Bear\image_285.jpg,0
BearData\Bear\image_286.jpg,0
BearData\Bear\image_287.jpg,0
BearData\Bear\image_288.jpg,0
BearData\Bear\image_289.jpg,0
BearData\Bear\image_29.jpg,0
BearData\Bear\image_290.jpg,0
BearData\Bear\image_291.jpg,0
BearData\Bear\image_292.jpg,0
BearData\Bear\image_293.jpg,0
BearData\Bear\image_294.jpg,0
BearData\Bear\image_295.jpg,0
BearData\Bear\image_296.jpg,0
BearData\Bear\image_297.jpg,0
BearData\Bear\image_298.jpg,0
BearData\Bear\image_299.jpg,0
BearData\Bear\image_3.jpg,0
BearData\Bear\image_30.jpg,0
BearData\Bear\image_300.jpg,0
BearData\Bear\image_301.jpg,0
BearData\Bear\image_302.jpg,0
BearData\Bear\image_303.jpg,0
BearData\Bear\image_304.jpg,0
BearData\Bear\image_305.jpg,0
BearData\Bear\image_306.jpg,0
BearData\Bear\image_307.jpg,0
BearData\Bear\image_308.jpg,0
BearData\Bear\image_309.jpg,0
BearData\Bear\image_31.jpg,0
BearData\Bear\image_310.jpg,0
BearData\Bear\image_311.jpg,0
BearData\Bear\image_312.jpg,0
BearData\Bear\image_313.jpg,0
BearData\Bear\image_314.jpg,0
BearData\Bear\image_315.jpg,0
BearData\Bear\image_316.jpg,0
BearData\Bear\image_317.jpg,0
BearData\Bear\image_318.jpg,0
BearData\Bear\image_319.jpg,0
BearData\Bear\image_32.jpg,0
BearData\Bear\image_320.jpg,0
BearData\Bear\image_321.jpg,0
BearData\Bear\image_322.jpg,0
BearData\Bear\image_323.jpg,0
BearData\Bear\image_324.jpg,0
BearData\Bear\image_325.jpg,0
BearData\Bear\image_326.jpg,0
BearData\Bear\image_327.jpg,0
BearData\Bear\image_328.jpg,0
BearData\Bear\image_329.jpg,0
BearData\Bear\image_33.jpg,0
BearData\Bear\image_330.jpg,0
BearData\Bear\image_331.jpg,0
BearData\Bear\image_332.jpg,0
BearData\Bear\image_333.jpg,0
BearData\Bear\image_334.jpg,0
BearData\Bear\image_335.jpg,0
BearData\Bear\image_336.jpg,0
BearData\Bear\image_337.jpg,0
BearData\Bear\image_338.jpg,0
BearData\Bear\image_339.jpg,0
BearData\Bear\image_34.jpg,0
BearData\Bear\image_340.jpg,0
BearData\Bear\image_341.jpg,0
BearData\Bear\image_342.jpg,0
BearData\Bear\image_343.jpg,0
BearData\Bear\image_344.jpg,0
BearData\Bear\image_345.jpg,0
BearData\Bear\image_346.jpg,0
BearData\Bear\image_347.jpg,0
BearData\Bear\image_348.jpg,0
BearData\Bear\image_349.jpg,0
BearData\Bear\image_35.jpg,0
BearData\Bear\image_350.jpg,0
BearData\Bear\image_351.jpg,0
BearData\Bear\image_352.jpg,0
BearData\Bear\image_353.jpg,0
BearData\Bear\image_354.jpg,0
BearData\Bear\image_355.jpg,0
BearData\Bear\image_356.jpg,0
BearData\Bear\image_357.jpg,0
BearData\Bear\image_358.jpg,0
BearData\Bear\image_359.jpg,0
BearData\Bear\image_36.jpg,0
BearData\Bear\image_360.jpg,0
BearData\Bear\image_361.jpg,0
BearData\Bear\image_362.jpg,0
BearData\Bear\image_363.jpg,0
BearData\Bear\image_364.jpg,0
BearData\Bear\image_365.jpg,0
BearData\Bear\image_366.jpg,0
BearData\Bear\image_367.jpg,0
BearData\Bear\image_368.jpg,0
BearData\Bear\image_369.jpg,0
BearData\Bear\image_37.jpg,0
BearData\Bear\image_370.jpg,0
BearData\Bear\image_371.jpg,0
BearData\Bear\image_372.jpg,0
BearData\Bear\image_373.jpg,0
BearData\Bear\image_374.jpg,0
BearData\Bear\image_375.jpg,0
BearData\Bear\image_376.jpg,0
BearData\Bear\image_377.jpg,0
BearData\Bear\image_378.jpg,0
BearData\Bear\image_379.jpg,0
BearData\Bear\image_38.jpg,0
BearData\Bear\image_380.jpg,0
BearData\Bear\image_381.jpg,0
BearData\Bear\image_382.jpg,0
BearData\Bear\image_383.jpg,0
BearData\Bear\image_384.jpg,0
BearData\Bear\image_385.jpg,0
BearData\Bear\image_386.jpg,0
BearData\Bear\image_387.jpg,0
BearData\Bear\image_388.jpg,0
BearData\Bear\image_389.jpg,0
BearData\Bear\image_39.jpg,0
BearData\Bear\image_390.jpg,0
BearData\Bear\image_391.jpg,0
BearData\Bear\image_392.jpg,0
BearData\Bear\image_393.jpg,0
BearData\Bear\image_394.jpg,0
BearData\Bear\image_395.jpg,0
BearData\Bear\image_396.jpg,0
BearData\Bear\image_397.jpg,0
BearData\Bear\image_398.jpg,0
BearData\Bear\image_399.jpg,0
BearData\Bear\image_4.jpg,0
BearData\Bear\image_40.jpg,0
BearData\Bear\image_400.jpg,0
BearData\Bear\image_401.jpg,0
BearData\Bear\image_402.jpg,0
BearData\Bear\image_403.jpg,0
BearData\Bear\image_404.jpg,0
BearData\Bear\image_405.jpg,0
BearData\Bear\image_406.jpg,0
BearData\Bear\image_407.jpg,0
BearData\Bear\image_408.jpg,0
BearData\Bear\image_409.jpg,0
BearData\Bear\image_41.jpg,0
BearData\Bear\image_410.jpg,0
BearData\Bear\image_411.jpg,0
BearData\Bear\image_412.jpg,0
BearData\Bear\image_413.jpg,0
BearData\Bear\image_414.jpg,0
BearData\Bear\image_415.jpg,0
BearData\Bear\image_416.jpg,0
BearData\Bear\image_417.jpg,0
BearData\Bear\image_418.jpg,0
BearData\Bear\image_419.jpg,0
BearData\Bear\image_42.jpg,0
BearData\Bear\image_420.jpg,0
BearData\Bear\image_421.jpg,0
BearData\Bear\image_422.jpg,0
BearData\Bear\image_423.jpg,0
BearData\Bear\image_424.jpg,0
BearData\Bear\image_425.jpg,0
BearData\Bear\image_426.jpg,0
BearData\Bear\image_427.jpg,0
BearData\Bear\image_428.jpg,0
BearData\Bear\image_429.jpg,0
BearData\Bear\image_43.jpg,0
BearData\Bear\image_430.jpg,0
BearData\Bear\image_431.jpg,0
BearData\Bear\image_432.jpg,0
BearData\Bear\image_433.jpg,0
BearData\Bear\image_434.jpg,0
BearData\Bear\image_435.jpg,0
BearData\Bear\image_436.jpg,0
BearData\Bear\image_437.jpg,0
BearData\Bear\image_438.jpg,0
BearData\Bear\image_439.jpg,0
BearData\Bear\image_44.jpg,0
BearData\Bear\image_440.jpg,0
BearData\Bear\image_441.jpg,0
BearData\Bear\image_442.jpg,0
BearData\Bear\image_443.jpg,0
BearData\Bear\image_444.jpg,0
BearData\Bear\image_445.jpg,0
BearData\Bear\image_446.jpg,0
BearData\Bear\image_447.jpg,0
BearData\Bear\image_448.jpg,0
BearData\Bear\image_449.jpg,0
BearData\Bear\image_45.jpg,0
BearData\Bear\image_450.jpg,0
BearData\Bear\image_451.jpg,0
BearData\Bear\image_452.jpg,0
BearData\Bear\image_453.jpg,0
BearData\Bear\image_454.jpg,0
BearData\Bear\image_455.jpg,0
BearData\Bear\image_456.jpg,0
BearData\Bear\image_457.jpg,0
BearData\Bear\image_458.jpg,0
BearData\Bear\image_459.jpg,0
BearData\Bear\image_46.jpg,0
BearData\Bear\image_460.jpg,0
BearData\Bear\image_461.jpg,0
BearData\Bear\image_462.jpg,0
BearData\Bear\image_463.jpg,0
BearData\Bear\image_464.jpg,0
BearData\Bear\image_465.jpg,0
BearData\Bear\image_466.jpg,0
BearData\Bear\image_467.jpg,0
BearData\Bear\image_468.jpg,0
BearData\Bear\image_469.jpg,0
BearData\Bear\image_47.jpg,0
BearData\Bear\image_470.jpg,0
BearData\Bear\image_471.jpg,0
BearData\Bear\image_472.jpg,0
BearData\Bear\image_473.jpg,0
BearData\Bear\image_474.jpg,0
BearData\Bear\image_475.jpg,0
BearData\Bear\image_476.jpg,0
BearData\Bear\image_477.jpg,0
BearData\Bear\image_478.jpg,0
BearData\Bear\image_479.jpg,0
BearData\Bear\image_48.jpg,0
BearData\Bear\image_480.jpg,0
BearData\Bear\image_481.jpg,0
BearData\Bear\image_482.jpg,0
BearData\Bear\image_483.jpg,0
BearData\Bear\image_484.jpg,0
BearData\Bear\image_485.jpg,0
BearData\Bear\image_486.jpg,0
BearData\Bear\image_487.jpg,0
BearData\Bear\image_488.jpg,0
BearData\Bear\image_489.jpg,0
BearData\Bear\image_49.jpg,0
BearData\Bear\image_490.jpg,0
BearData\Bear\image_491.jpg,0
BearData\Bear\image_492.jpg,0
BearData\Bear\image_493.jpg,0
BearData\Bear\image_494.jpg,0
BearData\Bear\image_495.jpg,0
BearData\Bear\image_496.jpg,0
BearData\Bear\image_497.jpg,0
BearData\Bear\image_498.jpg,0
BearData\Bear\image_499.jpg,0
BearData\Bear\image_5.jpg,0
BearData\Bear\image_50.jpg,0
BearData\Bear\image_500.jpg,0
BearData\Bear\image_501.jpg,0
BearData\Bear\image_502.jpg,0
BearData\Bear\image_503.jpg,0
BearData\Bear\image_504.jpg,0
BearData\Bear\image_505.jpg,0
BearData\Bear\image_506.jpg,0
BearData\Bear\image_507.jpg,0
BearData\Bear\image_508.jpg,0
BearData\Bear\image_509.jpg,0
BearData\Bear\image_51.jpg,0
BearData\Bear\image_510.jpg,0
BearData\Bear\image_511.jpg,0
BearData\Bear\image_512.jpg,0
BearData\Bear\image_513.jpg,0
BearData\Bear\image_514.jpg,0
BearData\Bear\image_515.jpg,0
BearData\Bear\image_516.jpg,0
BearData\Bear\image_517.jpg,0
BearData\Bear\image_518.jpg,0
BearData\Bear\image_519.jpg,0
BearData\Bear\image_52.jpg,0
BearData\Bear\image_520.jpg,0
BearData\Bear\image_521.jpg,0
BearData\Bear\image_522.jpg,0
BearData\Bear\image_523.jpg,0
BearData\Bear\image_524.jpg,0
BearData\Bear\image_525.jpg,0
BearData\Bear\image_526.jpg,0
BearData\Bear\image_527.jpg,0
BearData\Bear\image_528.jpg,0
BearData\Bear\image_529.jpg,0
BearData\Bear\image_53.jpg,0
BearData\Bear\image_530.jpg,0
BearData\Bear\image_531.jpg,0
BearData\Bear\image_532.jpg,0
BearData\Bear\image_533.jpg,0
BearData\Bear\image_534.jpg,0
BearData\Bear\image_535.jpg,0
BearData\Bear\image_536.jpg,0
BearData\Bear\image_537.jpg,0
BearData\Bear\image_538.jpg,0
BearData\Bear\image_539.jpg,0
BearData\Bear\image_54.jpg,0
BearData\Bear\image_540.jpg,0
BearData\Bear\image_541.jpg,0
BearData\Bear\image_542.jpg,0
BearData\Bear\image_543.jpg,0
BearData\Bear\image_544.jpg,0
BearData\Bear\image_545.jpg,0
BearData\Bear\image_546.jpg,0
BearData\Bear\image_547.jpg,0
BearData\Bear\image_548.jpg,0
BearData\Bear\image_549.jpg,0
BearData\Bear\image_55.jpg,0
BearData\Bear\image_550.jpg,0
BearData\Bear\image_551.jpg,0
BearData\Bear\image_552.jpg,0
BearData\Bear\image_553.jpg,0
BearData\Bear\image_554.jpg,0
BearData\Bear\image_555.jpg,0
BearData\Bear\image_556.jpg,0
BearData\Bear\image_557.jpg,0
BearData\Bear\image_558.jpg,0
BearData\Bear\image_559.jpg,0
BearData\Bear\image_56.jpg,0
BearData\Bear\image_560.jpg,0
BearData\Bear\image_561.jpg,0
BearData\Bear\image_562.jpg,0
BearData\Bear\image_563.jpg,0
BearData\Bear\image_564.jpg,0
BearData\Bear\image_565.jpg,0
BearData\Bear\image_566.jpg,0
BearData\Bear\image_567.jpg,0
BearData\Bear\image_568.jpg,0
BearData\Bear\image_569.jpg,0
BearData\Bear\image_57.jpg,0
BearData\Bear\image_570.jpg,0
BearData\Bear\image_571.jpg,0
BearData\Bear\image_572.jpg,0
BearData\Bear\image_573.jpg,0
BearData\Bear\image_574.jpg,0
BearData\Bear\image_575.jpg,0
BearData\Bear\image_576.jpg,0
BearData\Bear\image_577.jpg,0
BearData\Bear\image_578.jpg,0
BearData\Bear\image_579.jpg,0
BearData\Bear\image_58.jpg,0
BearData\Bear\image_580.jpg,0
BearData\Bear\image_581.jpg,0
BearData\Bear\image_582.jpg,0
BearData\Bear\image_583.jpg,0
BearData\Bear\image_584.jpg,0
BearData\Bear\image_585.jpg,0
BearData\Bear\image_586.jpg,0
BearData\Bear\image_587.jpg,0
BearData\Bear\image_588.jpg,0
BearData\Bear\image_589.jpg,0
BearData\Bear\image_59.jpg,0
BearData\Bear\image_590.jpg,0
BearData\Bear\image_591.jpg,0
BearData\Bear\image_592.jpg,0
BearData\Bear\image_593.jpg,0
BearData\Bear\image_594.jpg,0
BearData\Bear\image_595.jpg,0
BearData\Bear\image_596.jpg,0
BearData\Bear\image_597.jpg,0
BearData\Bear\image_598.jpg,0
BearData\Bear\image_599.jpg,0
BearData\Bear\image_6.jpg,0
BearData\Bear\image_60.jpg,0
BearData\Bear\image_600.jpg,0
BearData\Bear\image_601.jpg,0
BearData\Bear\image_602.jpg,0
BearData\Bear\image_603.jpg,0
BearData\Bear\image_604.jpg,0
BearData\Bear\image_605.jpg,0
BearData\Bear\image_606.jpg,0
BearData\Bear\image_607.jpg,0
BearData\Bear\image_608.jpg,0
BearData\Bear\image_609.jpg,0
BearData\Bear\image_61.jpg,0
BearData\Bear\image_610.jpg,0
BearData\Bear\image_611.jpg,0
BearData\Bear\image_612.jpg,0
BearData\Bear\image_613.jpg,0
BearData\Bear\image_614.jpg,0
BearData\Bear\image_615.jpg,0
BearData\Bear\image_616.jpg,0
BearData\Bear\image_617.jpg,0
BearData\Bear\image_618.jpg,0
BearData\Bear\image_619.jpg,0
BearData\Bear\image_62.jpg,0
BearData\Bear\image_620.jpg,0
BearData\Bear\image_621.jpg,0
BearData\Bear\image_622.jpg,0
BearData\Bear\image_623.jpg,0
BearData\Bear\image_624.jpg,0
BearData\Bear\image_625.jpg,0
BearData\Bear\image_626.jpg,0
BearData\Bear\image_627.jpg,0
BearData\Bear\image_628.jpg,0
BearData\Bear\image_629.jpg,0
BearData\Bear\image_63.jpg,0
BearData\Bear\image_630.jpg,0
BearData\Bear\image_631.jpg,0
BearData\Bear\image_632.jpg,0
BearData\Bear\image_633.jpg,0
BearData\Bear\image_634.jpg,0
BearData\Bear\image_635.jpg,0
BearData\Bear\image_636.jpg,0
BearData\Bear\image_637.jpg,0
BearData\Bear\image_638.jpg,0
BearData\Bear\image_639.jpg,0
BearData\Bear\image_64.jpg,0
BearData\Bear\image_640.jpg,0
BearData\Bear\image_641.jpg,0
BearData\Bear\image_642.jpg,0
BearData\Bear\image_643.jpg,0
BearData\Bear\image_644.jpg,0
BearData\Bear\image_645.jpg,0
BearData\Bear\image_646.jpg,0
BearData\Bear\image_647.jpg,0
BearData\Bear\image_648.jpg,0
BearData\Bear\image_649.jpg,0
BearData\Bear\image_65.jpg,0
BearData\Bear\image_650.jpg,0
BearData\Bear\image_651.jpg,0
BearData\Bear\image_652.jpg,0
BearData\Bear\image_653.jpg,0
BearData\Bear\image_654.jpg,0
BearData\Bear\image_655.jpg,0
BearData\Bear\image_656.jpg,0
BearData\Bear\image_657.jpg,0
BearData\Bear\image_658.jpg,0
BearData\Bear\image_659.jpg,0
BearData\Bear\image_66.jpg,0
BearData\Bear\image_660.jpg,0
BearData\Bear\image_661.jpg,0
BearData\Bear\image_662.jpg,0
BearData\Bear\image_663.jpg,0
BearData\Bear\image_664.jpg,0
BearData\Bear\image_665.jpg,0
BearData\Bear\image_666.jpg,0
BearData\Bear\image_667.jpg,0
BearData\Bear\image_668.jpg,0
BearData\Bear\image_669.jpg,0
BearData\Bear\image_67.jpg,0
BearData\Bear\image_670.jpg,0
BearData\Bear\image_671.jpg,0
BearData\Bear\image_672.jpg,0
BearData\Bear\image_673.jpg,0
BearData\Bear\image_674.jpg,0
BearData\Bear\image_675.jpg,0
BearData\Bear\image_676.jpg,0
BearData\Bear\image_677.jpg,0
BearData\Bear\image_678.jpg,0
BearData\Bear\image_679.jpg,0
BearData\Bear\image_68.jpg,0
BearData\Bear\image_680.jpg,0
BearData\Bear\image_681.jpg,0
BearData\Bear\image_682.jpg,0
BearData\Bear\image_683.jpg,0
BearData\Bear\image_684.jpg,0
BearData\Bear\image_685.jpg,0
BearData\Bear\image_686.jpg,0
BearData\Bear\image_687.jpg,0
BearData\Bear\image_688.jpg,0
BearData\Bear\image_689.jpg,0
BearData\Bear\image_69.jpg,0
BearData\Bear\image_690.jpg,0
BearData\Bear\image_691.jpg,0
BearData\Bear\image_692.jpg,0
BearData\Bear\image_693.jpg,0
BearData\Bear\image_694.jpg,0
BearData\Bear\image_695.jpg,0
BearData\Bear\image_696.jpg,0
BearData\Bear\image_697.jpg,0
BearData\Bear\image_698.jpg,0
BearData\Bear\image_699.jpg,0
BearData\Bear\image_7.jpg,0
BearData\Bear\image_70.jpg,0
BearData\Bear\image_700.jpg,0
BearData\Bear\image_701.jpg,0
BearData\Bear\image_702.jpg,0
BearData\Bear\image_703.jpg,0
BearData\Bear\image_704.jpg,0
BearData\Bear\image_705.jpg,0
BearData\Bear\image_706.jpg,0
BearData\Bear\image_707.jpg,0
BearData\Bear\image_708.jpg,0
BearData\Bear\image_709.jpg,0
BearData\Bear\image_71.jpg,0
BearData\Bear\image_710.jpg,0
BearData\Bear\image_711.jpg,0
BearData\Bear\image_712.jpg,0
BearData\Bear\image_713.jpg,0
BearData\Bear\image_714.jpg,0
BearData\Bear\image_715.jpg,0
BearData\Bear\image_716.jpg,0
BearData\Bear\image_717.jpg,0
BearData\Bear\image_718.jpg,0
BearData\Bear\image_719.jpg,0
BearData\Bear\image_72.jpg,0
BearData\Bear\image_720.jpg,0
BearData\Bear\image_721.jpg,0
BearData\Bear\image_722.jpg,0
BearData\Bear\image_723.jpg,0
BearData\Bear\image_724.jpg,0
BearData\Bear\image_725.jpg,0
BearData\Bear\image_726.jpg,0
BearData\Bear\image_727.jpg,0
BearData\Bear\image_728.jpg,0
BearData\Bear\image_729.jpg,0
BearData\Bear\image_73.jpg,0
BearData\Bear\image_730.jpg,0
BearData\Bear\image_731.jpg,0
BearData\Bear\image_732.jpg,0
BearData\Bear\image_733.jpg,0
BearData\Bear\image_734.jpg,0
BearData\Bear\image_735.jpg,0
BearData\Bear\image_736.jpg,0
BearData\Bear\image_737.jpg,0
BearData\Bear\image_738.jpg,0
BearData\Bear\image_739.jpg,0
BearData\Bear\image_74.jpg,0
BearData\Bear\image_740.jpg,0
BearData\Bear\image_741.jpg,0
BearData\Bear\image_742.jpg,0
BearData\Bear\image_743.jpg,0
BearData\Bear\image_744.jpg,0
BearData\Bear\image_745.jpg,0
BearData\Bear\image_746.jpg,0
BearData\Bear\image_747.jpg,0
BearData\Bear\image_748.jpg,0
BearData\Bear\image_749.jpg,0
BearData\Bear\image_75.jpg,0
BearData\Bear\image_750.jpg,0
BearData\Bear\image_751.jpg,0
BearData\Bear\image_752.jpg,0
BearData\Bear\image_753.jpg,0
BearData\Bear\image_754.jpg,0
BearData\Bear\image_755.jpg,0
BearData\Bear\image_756.jpg,0
BearData\Bear\image_757.jpg,0
BearData\Bear\image_758.jpg,0
BearData\Bear\image_759.jpg,0
BearData\Bear\image_76.jpg,0
BearData\Bear\image_760.jpg,0
BearData\Bear\image_761.jpg,0
BearData\Bear\image_762.jpg,0
BearData\Bear\image_763.jpg,0
BearData\Bear\image_764.jpg,0
BearData\Bear\image_765.jpg,0
BearData\Bear\image_766.jpg,0
BearData\Bear\image_767.jpg,0
BearData\Bear\image_768.jpg,0
BearData\Bear\image_769.jpg,0
BearData\Bear\image_77.jpg,0
BearData\Bear\image_770.jpg,0
BearData\Bear\image_771.jpg,0
BearData\Bear\image_772.jpg,0
BearData\Bear\image_773.jpg,0
BearData\Bear\image_774.jpg,0
BearData\Bear\image_775.jpg,0
BearData\Bear\image_776.jpg,0
BearData\Bear\image_777.jpg,0
BearData\Bear\image_778.jpg,0
BearData\Bear\image_779.jpg,0
BearData\Bear\image_78.jpg,0
BearData\Bear\image_780.jpg,0
BearData\Bear\image_781.jpg,0
BearData\Bear\image_782.jpg,0
BearData\Bear\image_783.jpg,0
BearData\Bear\image_784.jpg,0
BearData\Bear\image_785.jpg,0
BearData\Bear\image_786.jpg,0
BearData\Bear\image_787.jpg,0
BearData\Bear\image_788.jpg,0
BearData\Bear\image_789.jpg,0
BearData\Bear\image_79.jpg,0
BearData\Bear\image_790.jpg,0
BearData\Bear\image_791.jpg,0
BearData\Bear\image_792.jpg,0
BearData\Bear\image_793.jpg,0
BearData\Bear\image_794.jpg,0
BearData\Bear\image_795.jpg,0
BearData\Bear\image_796.jpg,0
BearData\Bear\image_797.jpg,0
BearData\Bear\image_798.jpg,0
BearData\Bear\image_799.jpg,0
BearData\Bear\image_8.jpg,0
BearData\Bear\image_80.jpg,0
BearData\Bear\image_800.jpg,0
BearData\Bear\image_801.jpg,0
BearData\Bear\image_802.jpg,0
BearData\Bear\image_803.jpg,0
BearData\Bear\image_804.jpg,0
BearData\Bear\image_805.jpg,0
BearData\Bear\image_806.jpg,0
BearData\Bear\image_807.jpg,0
BearData\Bear\image_808.jpg,0
BearData\Bear\image_809.jpg,0
BearData\Bear\image_81.jpg,0
BearData\Bear\image_810.jpg,0
BearData\Bear\image_811.jpg,0
BearData\Bear\image_812.jpg,0
BearData\Bear\image_813.jpg,0
BearData\Bear\image_814.jpg,0
BearData\Bear\image_815.jpg,0
BearData\Bear\image_816.jpg,0
BearData\Bear\image_817.jpg,0
BearData\Bear\image_818.jpg,0
BearData\Bear\image_819.jpg,0
BearData\Bear\image_82.jpg,0
BearData\Bear\image_820.jpg,0
BearData\Bear\image_821.jpg,0
BearData\Bear\image_822.jpg,0
BearData\Bear\image_823.jpg,0
BearData\Bear\image_824.jpg,0
BearData\Bear\image_825.jpg,0
BearData\Bear\image_826.jpg,0
BearData\Bear\image_827.jpg,0
BearData\Bear\image_828.jpg,0
BearData\Bear\image_829.jpg,0
BearData\Bear\image_83.jpg,0
BearData\Bear\image_830.jpg,0
BearData\Bear\image_831.jpg,0
BearData\Bear\image_832.jpg,0
BearData\Bear\image_833.jpg,0
BearData\Bear\image_834.jpg,0
BearData\Bear\image_835.jpg,0
BearData\Bear\image_836.jpg,0
BearData\Bear\image_837.jpg,0
BearData\Bear\image_838.jpg,0
BearData\Bear\image_839.jpg,0
BearData\Bear\image_84.jpg,0
BearData\Bear\image_840.jpg,0
BearData\Bear\image_841.jpg,0
BearData\Bear\image_842.jpg,0
BearData\Bear\image_843.jpg,0
BearData\Bear\image_844.jpg,0
BearData\Bear\image_845.jpg,0
BearData\Bear\image_846.jpg,0
BearData\Bear\image_847.jpg,0
BearData\Bear\image_848.jpg,0
BearData\Bear\image_849.jpg,0
BearData\Bear\image_85.jpg,0
BearData\Bear\image_850.jpg,0
BearData\Bear\image_851.jpg,0
BearData\Bear\image_852.jpg,0
BearData\Bear\image_853.jpg,0
BearData\Bear\image_854.jpg,0
BearData\Bear\image_855.jpg,0
BearData\Bear\image_856.jpg,0
BearData\Bear\image_857.jpg,0
BearData\Bear\image_858.jpg,0
BearData\Bear\image_859.jpg,0
BearData\Bear\image_86.jpg,0
BearData\Bear\image_860.jpg,0
BearData\Bear\image_861.jpg,0
BearData\Bear\image_862.jpg,0
BearData\Bear\image_863.jpg,0
BearData\Bear\image_864.jpg,0
BearData\Bear\image_865.jpg,0
BearData\Bear\image_866.jpg,0
BearData\Bear\image_867.jpg,0
BearData\Bear\image_868.jpg,0
BearData\Bear\image_869.jpg,0
BearData\Bear\image_87.jpg,0
BearData\Bear\image_870.jpg,0
BearData\Bear\image_871.jpg,0
BearData\Bear\image_872.jpg,0
BearData\Bear\image_873.jpg,0
BearData\Bear\image_874.jpg,0
BearData\Bear\image_875.jpg,0
BearData\Bear\image_876.jpg,0
BearData\Bear\image_877.jpg,0
BearData\Bear\image_878.jpg,0
BearData\Bear\image_879.jpg,0
BearData\Bear\image_88.jpg,0
BearData\Bear\image_880.jpg,0
BearData\Bear\image_881.jpg,0
BearData\Bear\image_882.jpg,0
BearData\Bear\image_883.jpg,0
BearData\Bear\image_884.jpg,0
BearData\Bear\image_885.jpg,0
BearData\Bear\image_886.jpg,0
BearData\Bear\image_887.jpg,0
BearData\Bear\image_888.jpg,0
BearData\Bear\image_889.jpg,0
BearData\Bear\image_89.jpg,0
BearData\Bear\image_890.jpg,0
BearData\Bear\image_891.jpg,0
BearData\Bear\image_892.jpg,0
BearData\Bear\image_893.jpg,0
BearData\Bear\image_894.jpg,0
BearData\Bear\image_895.jpg,0
BearData\Bear\image_896.jpg,0
BearData\Bear\image_897.jpg,0
BearData\Bear\image_898.jpg,0
BearData\Bear\image_899.jpg,0
BearData\Bear\image_9.jpg,0
BearData\Bear\image_90.jpg,0
BearData\Bear\image_900.jpg,0
BearData\Bear\image_901.jpg,0
BearData\Bear\image_902.jpg,0
BearData\Bear\image_903.jpg,0
BearData\Bear\image_904.jpg,0
BearData\Bear\image_905.jpg,0
BearData\Bear\image_906.jpg,0
BearData\Bear\image_907.jpg,0
BearData\Bear\image_908.jpg,0
BearData\Bear\image_909.jpg,0
BearData\Bear\image_91.jpg,0
BearData\Bear\image_910.jpg,0
BearData\Bear\image_911.jpg,0
BearData\Bear\image_912.jpg,0
BearData\Bear\image_913.jpg,0
BearData\Bear\image_914.jpg,0
BearData\Bear\image_915.jpg,0
BearData\Bear\image_916.jpg,0
BearData\Bear\image_917.jpg,0
BearData\Bear\image_918.jpg,0
BearData\Bear\image_919.jpg,0
BearData\Bear\image_92.jpg,0
BearData\Bear\image_920.jpg,0
BearData\Bear\image_921.jpg,0
BearData\Bear\image_922.jpg,0
BearData\Bear\image_923.jpg,0
BearData\Bear\image_924.jpg,0
BearData\Bear\image_925.jpg,0
BearData\Bear\image_926.jpg,0
BearData\Bear\image_927.jpg,0
BearData\Bear\image_928.jpg,0
BearData\Bear\image_929.jpg,0
BearData\Bear\image_93.jpg,0
BearData\Bear\image_930.jpg,0
BearData\Bear\image_931.jpg,0
BearData\Bear\image_932.jpg,0
BearData\Bear\image_933.jpg,0
BearData\Bear\image_934.jpg,0
BearData\Bear\image_935.jpg,0
BearData\Bear\image_936.jpg,0
BearData\Bear\image_937.jpg,0
BearData\Bear\image_938.jpg,0
BearData\Bear\image_939.jpg,0
BearData\Bear\image_94.jpg,0
BearData\Bear\image_940.jpg,0
BearData\Bear\image_941.jpg,0
BearData\Bear\image_942.jpg,0
BearData\Bear\image_943.jpg,0
BearData\Bear\image_944.jpg,0
BearData\Bear\image_945.jpg,0
BearData\Bear\image_946.jpg,0
BearData\Bear\image_947.jpg,0
BearData\Bear\image_948.jpg,0
BearData\Bear\image_949.jpg,0
BearData\Bear\image_95.jpg,0
BearData\Bear\image_950.jpg,0
BearData\Bear\image_951.jpg,0
BearData\Bear\image_952.jpg,0
BearData\Bear\image_953.jpg,0
BearData\Bear\image_954.jpg,0
BearData\Bear\image_955.jpg,0
BearData\Bear\image_956.jpg,0
BearData\Bear\image_957.jpg,0
BearData\Bear\image_958.jpg,0
BearData\Bear\image_959.jpg,0
BearData\Bear\image_96.jpg,0
BearData\Bear\image_960.jpg,0
BearData\Bear\image_961.jpg,0
BearData\Bear\image_962.jpg,0
BearData\Bear\image_963.jpg,0
BearData\Bear\image_964.jpg,0
BearData\Bear\image_965.jpg,0
BearData\Bear\image_966.jpg,0
BearData\Bear\image_967.jpg,0
BearData\Bear\image_968.jpg,0
BearData\Bear\image_969.jpg,0
BearData\Bear\image_97.jpg,0
BearData\Bear\image_970.jpg,0
BearData\Bear\image_971.jpg,0
BearData\Bear\image_972.jpg,0
BearData\Bear\image_973.jpg,0
BearData\Bear\image_974.jpg,0
BearData\Bear\image_975.jpg,0
BearData\Bear\image_976.jpg,0
BearData\Bear\image_977.jpg,0
BearData\Bear\image_978.jpg,0
BearData\Bear\image_979.jpg,0
BearData\Bear\image_98.jpg,0
BearData\Bear\image_980.jpg,0
BearData\Bear\image_981.jpg,0
BearData\Bear\image_982.jpg,0
BearData\Bear\image_983.jpg,0
BearData\Bear\image_984.jpg,0
BearData\Bear\image_985.jpg,0
BearData\Bear\image_986.jpg,0
BearData\Bear\image_987.jpg,0
BearData\Bear\image_988.jpg,0
BearData\Bear\image_989.jpg,0
BearData\Bear\image_99.jpg,0
BearData\Bear\image_990.jpg,0
BearData\Bear\image_991.jpg,0
BearData\Bear\image_992.jpg,0
BearData\Bear\image_993.jpg,0
BearData\Bear\image_994.jpg,0
BearData\Bear\image_995.jpg,0
BearData\Bear\image_996.jpg,0
BearData\Bear\image_997.jpg,0
BearData\Bear\image_998.jpg,0
BearData\Bear\image_999.jpg,0
BearData\Animals\image_1.jpg,1
BearData\Animals\image_10.jpg,1
BearData\Animals\image_100.jpg,1
BearData\Animals\image_101.jpg,1
BearData\Animals\image_102.jpg,1
BearData\Animals\image_103.jpg,1
BearData\Animals\image_104.jpg,1
BearData\Animals\image_105.jpg,1
BearData\Animals\image_106.jpg,1
BearData\Animals\image_107.jpg,1
BearData\Animals\image_108.jpg,1
BearData\Animals\image_109.jpg,1
BearData\Animals\image_11.jpg,1
BearData\Animals\image_110.jpg,1
BearData\Animals\image_111.jpg,1
BearData\Animals\image_112.jpg,1
BearData\Animals\image_113.jpg,1
BearData\Animals\image_114.jpg,1
BearData\Animals\image_115.jpg,1
BearData\Animals\image_116.jpg,1
BearData\Animals\image_117.jpg,1
BearData\Animals\image_118.jpg,1
BearData\Animals\image_119.jpg,1
BearData\Animals\image_12.jpg,1
BearData\Animals\image_120.jpg,1
BearData\Animals\image_121.jpg,1
BearData\Animals\image_122.jpg,1
BearData\Animals\image_123.jpg,1
BearData\Animals\image_124.jpg,1
BearData\Animals\image_125.jpg,1
BearData\Animals\image_126.jpg,1
BearData\Animals\image_127.jpg,1
BearData\Animals\image_128.jpg,1
BearData\Animals\image_129.jpg,1
BearData\Animals\image_13.jpg,1
BearData\Animals\image_130.jpg,1
BearData\Animals\image_131.jpg,1
BearData\Animals\image_132.jpg,1
BearData\Animals\image_133.jpg,1
BearData\Animals\image_134.jpg,1
BearData\Animals\image_135.jpg,1
BearData\Animals\image_136.jpg,1
BearData\Animals\image_137.jpg,1
BearData\Animals\image_138.jpg,1
BearData\Animals\image_139.jpg,1
BearData\Animals\image_14.jpg,1
BearData\Animals\image_140.jpg,1
BearData\Animals\image_141.jpg,1
BearData\Animals\image_142.jpg,1
BearData\Animals\image_143.jpg,1
BearData\Animals\image_144.jpg,1
BearData\Animals\image_145.jpg,1
BearData\Animals\image_146.jpg,1
BearData\Animals\image_147.jpg,1
BearData\Animals\image_148.jpg,1
BearData\Animals\image_149.jpg,1
BearData\Animals\image_15.jpg,1
BearData\Animals\image_150.jpg,1
BearData\Animals\image_151.jpg,1
BearData\Animals\image_152.jpg,1
BearData\Animals\image_153.jpg,1
BearData\Animals\image_154.jpg,1
BearData\Animals\image_155.jpg,1
BearData\Animals\image_156.jpg,1
BearData\Animals\image_157.jpg,1
BearData\Animals\image_158.jpg,1
BearData\Animals\image_159.jpg,1
BearData\Animals\image_16.jpg,1
BearData\Animals\image_160.jpg,1
BearData\Animals\image_161.jpg,1
BearData\Animals\image_162.jpg,1
BearData\Animals\image_163.jpg,1
BearData\Animals\image_164.jpg,1
BearData\Animals\image_165.jpg,1
BearData\Animals\image_166.jpg,1
BearData\Animals\image_167.jpg,1
BearData\Animals\image_168.jpg,1
BearData\Animals\image_169.jpg,1
BearData\Animals\image_17.jpg,1
BearData\Animals\image_170.jpg,1
BearData\Animals\image_171.jpg,1
BearData\Animals\image_172.jpg,1
BearData\Animals\image_173.jpg,1
BearData\Animals\image_174.jpg,1
BearData\Animals\image_175.jpg,1
BearData\Animals\image_176.jpg,1
BearData\Animals\image_177.jpg,1
BearData\Animals\image_178.jpg,1
BearData\Animals\image_179.jpg,1
BearData\Animals\image_18.jpg,1
BearData\Animals\image_180.jpg,1
BearData\Animals\image_181.jpg,1
BearData\Animals\image_182.jpg,1
BearData\Animals\image_183.jpg,1
BearData\Animals\image_184.jpg,1
BearData\Animals\image_185.jpg,1
BearData\Animals\image_186.jpg,1
BearData\Animals\image_187.jpg,1
BearData\Animals\image_188.jpg,1
BearData\Animals\image_189.jpg,1
BearData\Animals\image_19.jpg,1
BearData\Animals\image_190.jpg,1
BearData\Animals\image_191.jpg,1
BearData\Animals\image_192.jpg,1
BearData\Animals\image_193.jpg,1
BearData\Animals\image_194.jpg,1
BearData\Animals\image_195.jpg,1
BearData\Animals\image_196.jpg,1
BearData\Animals\image_197.jpg,1
BearData\Animals\image_198.jpg,1
BearData\Animals\image_199.jpg,1
BearData\Animals\image_2.jpg,1
BearData\Animals\image_20.jpg,1
BearData\Animals\image_200.jpg,1
BearData\Animals\image_201.jpg,1
BearData\Animals\image_202.jpg,1
BearData\Animals\image_203.jpg,1
BearData\Animals\image_204.jpg,1
BearData\Animals\image_205.jpg,1
BearData\Animals\image_206.jpg,1
BearData\Animals\image_207.jpg,1
BearData\Animals\image_208.jpg,1
BearData\Animals\image_209.jpg,1
BearData\Animals\image_21.jpg,1
BearData\Animals\image_210.jpg,1
BearData\Animals\image_211.jpg,1
BearData\Animals\image_212.jpg,1
BearData\Animals\image_213.jpg,1
BearData\Animals\image_214.jpg,1
BearData\Animals\image_215.jpg,1
BearData\Animals\image_216.jpg,1
BearData\Animals\image_217.jpg,1
BearData\Animals\image_218.jpg,1
BearData\Animals\image_219.jpg,1
BearData\Animals\image_22.jpg,1
BearData\Animals\image_220.jpg,1
BearData\Animals\image_221.jpg,1
BearData\Animals\image_222.jpg,1
BearData\Animals\image_223.jpg,1
BearData\Animals\image_224.jpg,1
BearData\Animals\image_225.jpg,1
BearData\Animals\image_226.jpg,1
BearData\Animals\image_227.jpg,1
BearData\Animals\image_228.jpg,1
BearData\Animals\image_229.jpg,1
BearData\Animals\image_23.jpg,1
BearData\Animals\image_230.jpg,1
BearData\Animals\image_231.jpg,1
BearData\Animals\image_232.jpg,1
BearData\Animals\image_233.jpg,1
BearData\Animals\image_234.jpg,1
BearData\Animals\image_235.jpg,1
BearData\Animals\image_236.jpg,1
BearData\Animals\image_237.jpg,1
BearData\Animals\image_238.jpg,1
BearData\Animals\image_239.jpg,1
BearData\Animals\image_24.jpg,1
BearData\Animals\image_240.jpg,1
BearData\Animals\image_241.jpg,1
BearData\Animals\image_242.jpg,1
BearData\Animals\image_243.jpg,1
BearData\Animals\image_244.jpg,1
BearData\Animals\image_245.jpg,1
BearData\Animals\image_246.jpg,1
BearData\Animals\image_247.jpg,1
BearData\Animals\image_248.jpg,1
BearData\Animals\image_249.jpg,1
BearData\Animals\image_25.jpg,1
BearData\Animals\image_250.jpg,1
BearData\Animals\image_251.jpg,1
BearData\Animals\image_252.jpg,1
BearData\Animals\image_253.jpg,1
BearData\Animals\image_254.jpg,1
BearData\Animals\image_255.jpg,1
BearData\Animals\image_256.jpg,1
BearData\Animals\image_257.jpg,1
BearData\Animals\image_258.jpg,1
BearData\Animals\image_259.jpg,1
BearData\Animals\image_26.jpg,1
BearData\Animals\image_260.jpg,1
BearData\Animals\image_261.jpg,1
BearData\Animals\image_262.jpg,1
BearData\Animals\image_263.jpg,1
BearData\Animals\image_264.jpg,1
BearData\Animals\image_265.jpg,1
BearData\Animals\image_266.jpg,1
BearData\Animals\image_267.jpg,1
BearData\Animals\image_268.jpg,1
BearData\Animals\image_27.jpg,1
BearData\Animals\image_270.jpg,1
BearData\Animals\image_271.jpg,1
BearData\Animals\image_272.jpg,1
BearData\Animals\image_273.jpg,1
BearData\Animals\image_274.jpg,1
BearData\Animals\image_275.jpg,1
BearData\Animals\image_276.jpg,1
BearData\Animals\image_277.jpg,1
BearData\Animals\image_278.jpg,1
BearData\Animals\image_279.jpg,1
BearData\Animals\image_28.jpg,1
BearData\Animals\image_280.jpg,1
BearData\Animals\image_281.jpg,1
BearData\Animals\image_282.jpg,1
BearData\Animals\image_283.jpg,1
BearData\Animals\image_284.jpg,1
BearData\Animals\image_285.jpg,1
BearData\Animals\image_286.jpg,1
BearData\Animals\image_287.jpg,1
BearData\Animals\image_288.jpg,1
BearData\Animals\image_289.jpg,1
BearData\Animals\image_29.jpg,1
BearData\Animals\image_290.jpg,1
BearData\Animals\image_291.jpg,1
BearData\Animals\image_292.jpg,1
BearData\Animals\image_293.jpg,1
BearData\Animals\image_294.jpg,1
BearData\Animals\image_295.jpg,1
BearData\Animals\image_296.jpg,1
BearData\Animals\image_297.jpg,1
BearData\Animals\image_298.jpg,1
BearData\Animals\image_299.jpg,1
BearData\Animals\image_3.jpg,1
BearData\Animals\image_30.jpg,1
BearData\Animals\image_300.jpg,1
BearData\Animals\image_301.jpg,1
BearData\Animals\image_302.jpg,1
BearData\Animals\image_303.jpg,1
BearData\Animals\image_304.jpg,1
BearData\Animals\image_305.jpg,1
BearData\Animals\image_306.jpg,1
BearData\Animals\image_307.jpg,1
BearData\Animals\image_308.jpg,1
BearData\Animals\image_309.jpg,1
BearData\Animals\image_31.jpg,1
BearData\Animals\image_310.jpg,1
BearData\Animals\image_311.jpg,1
BearData\Animals\image_312.jpg,1
BearData\Animals\image_313.jpg,1
BearData\Animals\image_314.jpg,1
BearData\Animals\image_315.jpg,1
BearData\Animals\image_316.jpg,1
BearData\Animals\image_317.jpg,1
BearData\Animals\image_318.jpg,1
BearData\Animals\image_319.jpg,1
BearData\Animals\image_32.jpg,1
BearData\Animals\image_320.jpg,1
BearData\Animals\image_321.jpg,1
BearData\Animals\image_322.jpg,1
BearData\Animals\image_323.jpg,1
BearData\Animals\image_324.jpg,1
BearData\Animals\image_325.jpg,1
BearData\Animals\image_326.jpg,1
BearData\Animals\image_327.jpg,1
BearData\Animals\image_328.jpg,1
BearData\Animals\image_329.jpg,1
BearData\Animals\image_33.jpg,1
BearData\Animals\image_330.jpg,1
BearData\Animals\image_331.jpg,1
BearData\Animals\image_332.jpg,1
BearData\Animals\image_333.jpg,1
BearData\Animals\image_334.jpg,1
BearData\Animals\image_335.jpg,1
BearData\Animals\image_336.jpg,1
BearData\Animals\image_337.jpg,1
BearData\Animals\image_338.jpg,1
BearData\Animals\image_339.jpg,1
BearData\Animals\image_34.jpg,1
BearData\Animals\image_340.jpg,1
BearData\Animals\image_341.jpg,1
BearData\Animals\image_342.jpg,1
BearData\Animals\image_343.jpg,1
BearData\Animals\image_344.jpg,1
BearData\Animals\image_345.jpg,1
BearData\Animals\image_346.jpg,1
BearData\Animals\image_347.jpg,1
BearData\Animals\image_348.jpg,1
BearData\Animals\image_349.jpg,1
BearData\Animals\image_35.jpg,1
BearData\Animals\image_350.jpg,1
BearData\Animals\image_351.jpg,1
BearData\Animals\image_352.jpg,1
BearData\Animals\image_353.jpg,1
BearData\Animals\image_354.jpg,1
BearData\Animals\image_355.jpg,1
BearData\Animals\image_356.jpg,1
BearData\Animals\image_357.jpg,1
BearData\Animals\image_358.jpg,1
BearData\Animals\image_359.jpg,1
BearData\Animals\image_36.jpg,1
BearData\Animals\image_360.jpg,1
BearData\Animals\image_361.jpg,1
BearData\Animals\image_362.jpg,1
BearData\Animals\image_363.jpg,1
BearData\Animals\image_364.jpg,1
BearData\Animals\image_365.jpg,1
BearData\Animals\image_366.jpg,1
BearData\Animals\image_367.jpg,1
BearData\Animals\image_368.jpg,1
BearData\Animals\image_369.jpg,1
BearData\Animals\image_37.jpg,1
BearData\Animals\image_370.jpg,1
BearData\Animals\image_371.jpg,1
BearData\Animals\image_372.jpg,1
BearData\Animals\image_373.jpg,1
BearData\Animals\image_374.jpg,1
BearData\Animals\image_375.jpg,1
BearData\Animals\image_376.jpg,1
BearData\Animals\image_377.jpg,1
BearData\Animals\image_378.jpg,1
BearData\Animals\image_379.jpg,1
BearData\Animals\image_38.jpg,1
BearData\Animals\image_380.jpg,1
BearData\Animals\image_381.jpg,1
BearData\Animals\image_382.jpg,1
BearData\Animals\image_383.jpg,1
BearData\Animals\image_384.jpg,1
BearData\Animals\image_385.jpg,1
BearData\Animals\image_386.jpg,1
BearData\Animals\image_387.jpg,1
BearData\Animals\image_388.jpg,1
BearData\Animals\image_389.jpg,1
BearData\Animals\image_39.jpg,1
BearData\Animals\image_390.jpg,1
BearData\Animals\image_391.jpg,1
BearData\Animals\image_392.jpg,1
BearData\Animals\image_393.jpg,1
BearData\Animals\image_394.jpg,1
BearData\Animals\image_395.jpg,1
BearData\Animals\image_396.jpg,1
BearData\Animals\image_397.jpg,1
BearData\Animals\image_398.jpg,1
BearData\Animals\image_399.jpg,1
BearData\Animals\image_4.jpg,1
BearData\Animals\image_40.jpg,1
BearData\Animals\image_400.jpg,1
BearData\Animals\image_401.jpg,1
BearData\Animals\image_402.jpg,1
BearData\Animals\image_403.jpg,1
BearData\Animals\image_404.jpg,1
BearData\Animals\image_405.jpg,1
BearData\Animals\image_406.jpg,1
BearData\Animals\image_407.jpg,1
BearData\Animals\image_408.jpg,1
BearData\Animals\image_409.jpg,1
BearData\Animals\image_41.jpg,1
BearData\Animals\image_410.jpg,1
BearData\Animals\image_411.jpg,1
BearData\Animals\image_412.jpg,1
BearData\Animals\image_413.jpg,1
BearData\Animals\image_414.jpg,1
BearData\Animals\image_415.jpg,1
BearData\Animals\image_416.jpg,1
BearData\Animals\image_417.jpg,1
BearData\Animals\image_418.jpg,1
BearData\Animals\image_419.jpg,1
BearData\Animals\image_42.jpg,1
BearData\Animals\image_420.jpg,1
BearData\Animals\image_421.jpg,1
BearData\Animals\image_422.jpg,1
BearData\Animals\image_423.jpg,1
BearData\Animals\image_424.jpg,1
BearData\Animals\image_425.jpg,1
BearData\Animals\image_426.jpg,1
BearData\Animals\image_427.jpg,1
BearData\Animals\image_428.jpg,1
BearData\Animals\image_429.jpg,1
BearData\Animals\image_43.jpg,1
BearData\Animals\image_430.jpg,1
BearData\Animals\image_431.jpg,1
BearData\Animals\image_432.jpg,1
BearData\Animals\image_433.jpg,1
BearData\Animals\image_434.jpg,1
BearData\Animals\image_435.jpg,1
BearData\Animals\image_436.jpg,1
BearData\Animals\image_437.jpg,1
BearData\Animals\image_438.jpg,1
BearData\Animals\image_439.jpg,1
BearData\Animals\image_44.jpg,1
BearData\Animals\image_440.jpg,1
BearData\Animals\image_441.jpg,1
BearData\Animals\image_442.jpg,1
BearData\Animals\image_443.jpg,1
BearData\Animals\image_444.jpg,1
BearData\Animals\image_445.jpg,1
BearData\Animals\image_446.jpg,1
BearData\Animals\image_447.jpg,1
BearData\Animals\image_448.jpg,1
BearData\Animals\image_449.jpg,1
BearData\Animals\image_45.jpg,1
BearData\Animals\image_450.jpg,1
BearData\Animals\image_451.jpg,1
BearData\Animals\image_452.jpg,1
BearData\Animals\image_453.jpg,1
BearData\Animals\image_454.jpg,1
BearData\Animals\image_455.jpg,1
BearData\Animals\image_456.jpg,1
BearData\Animals\image_457.jpg,1
BearData\Animals\image_458.jpg,1
BearData\Animals\image_459.jpg,1
BearData\Animals\image_46.jpg,1
BearData\Animals\image_460.jpg,1
BearData\Animals\image_461.jpg,1
BearData\Animals\image_462.jpg,1
BearData\Animals\image_463.jpg,1
BearData\Animals\image_464.jpg,1
BearData\Animals\image_465.jpg,1
BearData\Animals\image_466.jpg,1
BearData\Animals\image_467.jpg,1
BearData\Animals\image_468.jpg,1
BearData\Animals\image_469.jpg,1
BearData\Animals\image_47.jpg,1
BearData\Animals\image_470.jpg,1
BearData\Animals\image_471.jpg,1
BearData\Animals\image_472.jpg,1
BearData\Animals\image_473.jpg,1
BearData\Animals\image_474.jpg,1
BearData\Animals\image_475.jpg,1
BearData\Animals\image_476.jpg,1
BearData\Animals\image_477.jpg,1
BearData\Animals\image_478.jpg,1
BearData\Animals\image_479.jpg,1
BearData\Animals\image_48.jpg,1
BearData\Animals\image_480.jpg,1
BearData\Animals\image_481.jpg,1
BearData\Animals\image_482.jpg,1
BearData\Animals\image_483.jpg,1
BearData\Animals\image_484.jpg,1
BearData\Animals\image_485.jpg,1
BearData\Animals\image_486.jpg,1
BearData\Animals\image_487.jpg,1
BearData\Animals\image_488.jpg,1
BearData\Animals\image_489.jpg,1
BearData\Animals\image_49.jpg,1
BearData\Animals\image_490.jpg,1
BearData\Animals\image_491.jpg,1
BearData\Animals\image_492.jpg,1
BearData\Animals\image_493.jpg,1
BearData\Animals\image_494.jpg,1
BearData\Animals\image_495.jpg,1
BearData\Animals\image_496.jpg,1
BearData\Animals\image_497.jpg,1
BearData\Animals\image_498.jpg,1
BearData\Animals\image_499.jpg,1
BearData\Animals\image_5.jpg,1
BearData\Animals\image_50.jpg,1
BearData\Animals\image_500.jpg,1
BearData\Animals\image_501.jpg,1
BearData\Animals\image_502.jpg,1
BearData\Animals\image_503.jpg,1
BearData\Animals\image_504.jpg,1
BearData\Animals\image_505.jpg,1
BearData\Animals\image_506.jpg,1
BearData\Animals\image_507.jpg,1
BearData\Animals\image_508.jpg,1
BearData\Animals\image_509.jpg,1
BearData\Animals\image_51.jpg,1
BearData\Animals\image_510.jpg,1
BearData\Animals\image_511.jpg,1
BearData\Animals\image_512.jpg,1
BearData\Animals\image_513.jpg,1
BearData\Animals\image_514.jpg,1
BearData\Animals\image_515.jpg,1
BearData\Animals\image_516.jpg,1
BearData\Animals\image_517.jpg,1
BearData\Animals\image_518.jpg,1
BearData\Animals\image_519.jpg,1
BearData\Animals\image_52.jpg,1
BearData\Animals\image_520.jpg,1
BearData\Animals\image_521.jpg,1
BearData\Animals\image_522.jpg,1
BearData\Animals\image_523.jpg,1
BearData\Animals\image_524.jpg,1
BearData\Animals\image_525.jpg,1
BearData\Animals\image_526.jpg,1
BearData\Animals\image_527.jpg,1
BearData\Animals\image_528.jpg,1
BearData\Animals\image_529.jpg,1
BearData\Animals\image_53.jpg,1
BearData\Animals\image_530.jpg,1
BearData\Animals\image_531.jpg,1
BearData\Animals\image_532.jpg,1
BearData\Animals\image_533.jpg,1
BearData\Animals\image_534.jpg,1
BearData\Animals\image_535.jpg,1
BearData\Animals\image_536.jpg,1
BearData\Animals\image_537.jpg,1
BearData\Animals\image_538.jpg,1
BearData\Animals\image_539.jpg,1
BearData\Animals\image_54.jpg,1
BearData\Animals\image_540.jpg,1
BearData\Animals\image_541.jpg,1
BearData\Animals\image_542.jpg,1
BearData\Animals\image_543.jpg,1
BearData\Animals\image_544.jpg,1
BearData\Animals\image_545.jpg,1
BearData\Animals\image_546.jpg,1
BearData\Animals\image_547.jpg,1
BearData\Animals\image_548.jpg,1
BearData\Animals\image_549.jpg,1
BearData\Animals\image_55.jpg,1
BearData\Animals\image_550.jpg,1
BearData\Animals\image_551.jpg,1
BearData\Animals\image_552.jpg,1
BearData\Animals\image_553.jpg,1
BearData\Animals\image_554.jpg,1
BearData\Animals\image_555.jpg,1
BearData\Animals\image_556.jpg,1
BearData\Animals\image_557.jpg,1
BearData\Animals\image_558.jpg,1
BearData\Animals\image_559.jpg,1
BearData\Animals\image_56.jpg,1
BearData\Animals\image_560.jpg,1
BearData\Animals\image_561.jpg,1
BearData\Animals\image_562.jpg,1
BearData\Animals\image_563.jpg,1
BearData\Animals\image_564.jpg,1
BearData\Animals\image_565.jpg,1
BearData\Animals\image_566.jpg,1
BearData\Animals\image_567.jpg,1
BearData\Animals\image_568.jpg,1
BearData\Animals\image_569.jpg,1
BearData\Animals\image_57.jpg,1
BearData\Animals\image_570.jpg,1
BearData\Animals\image_571.jpg,1
BearData\Animals\image_572.jpg,1
BearData\Animals\image_573.jpg,1
BearData\Animals\image_574.jpg,1
BearData\Animals\image_575.jpg,1
BearData\Animals\image_576.jpg,1
BearData\Animals\image_577.jpg,1
BearData\Animals\image_578.jpg,1
BearData\Animals\image_579.jpg,1
BearData\Animals\image_58.jpg,1
BearData\Animals\image_580.jpg,1
BearData\Animals\image_581.jpg,1
BearData\Animals\image_582.jpg,1
BearData\Animals\image_583.jpg,1
BearData\Animals\image_584.jpg,1
BearData\Animals\image_585.jpg,1
BearData\Animals\image_586.jpg,1
BearData\Animals\image_587.jpg,1
BearData\Animals\image_588.jpg,1
BearData\Animals\image_589.jpg,1
BearData\Animals\image_59.jpg,1
BearData\Animals\image_590.jpg,1
BearData\Animals\image_591.jpg,1
BearData\Animals\image_592.jpg,1
BearData\Animals\image_593.jpg,1
BearData\Animals\image_594.jpg,1
BearData\Animals\image_595.jpg,1
BearData\Animals\image_596.jpg,1
BearData\Animals\image_597.jpg,1
BearData\Animals\image_598.jpg,1
BearData\Animals\image_599.jpg,1
BearData\Animals\image_6.jpg,1
BearData\Animals\image_60.jpg,1
BearData\Animals\image_600.jpg,1
BearData\Animals\image_601.jpg,1
BearData\Animals\image_602.jpg,1
BearData\Animals\image_603.jpg,1
BearData\Animals\image_604.jpg,1
BearData\Animals\image_605.jpg,1
BearData\Animals\image_606.jpg,1
BearData\Animals\image_607.jpg,1
BearData\Animals\image_608.jpg,1
BearData\Animals\image_609.jpg,1
BearData\Animals\image_61.jpg,1
BearData\Animals\image_610.jpg,1
BearData\Animals\image_611.jpg,1
BearData\Animals\image_612.jpg,1
BearData\Animals\image_613.jpg,1
BearData\Animals\image_614.jpg,1
BearData\Animals\image_615.jpg,1
BearData\Animals\image_616.jpg,1
BearData\Animals\image_617.jpg,1
BearData\Animals\image_618.jpg,1
BearData\Animals\image_619.jpg,1
BearData\Animals\image_62.jpg,1
BearData\Animals\image_620.jpg,1
BearData\Animals\image_621.jpg,1
BearData\Animals\image_622.jpg,1
BearData\Animals\image_623.jpg,1
BearData\Animals\image_624.jpg,1
BearData\Animals\image_625.jpg,1
BearData\Animals\image_626.jpg,1
BearData\Animals\image_627.jpg,1
BearData\Animals\image_628.jpg,1
BearData\Animals\image_629.jpg,1
BearData\Animals\image_63.jpg,1
BearData\Animals\image_630.jpg,1
BearData\Animals\image_631.jpg,1
BearData\Animals\image_632.jpg,1
BearData\Animals\image_633.jpg,1
BearData\Animals\image_634.jpg,1
BearData\Animals\image_635.jpg,1
BearData\Animals\image_636.jpg,1
BearData\Animals\image_637.jpg,1
BearData\Animals\image_638.jpg,1
BearData\Animals\image_639.jpg,1
BearData\Animals\image_64.jpg,1
BearData\Animals\image_640.jpg,1
BearData\Animals\image_641.jpg,1
BearData\Animals\image_642.jpg,1
BearData\Animals\image_643.jpg,1
BearData\Animals\image_644.jpg,1
BearData\Animals\image_645.jpg,1
BearData\Animals\image_646.jpg,1
BearData\Animals\image_647.jpg,1
BearData\Animals\image_648.jpg,1
BearData\Animals\image_649.jpg,1
BearData\Animals\image_65.jpg,1
BearData\Animals\image_650.jpg,1
BearData\Animals\image_651.jpg,1
BearData\Animals\image_652.jpg,1
BearData\Animals\image_653.jpg,1
BearData\Animals\image_654.jpg,1
BearData\Animals\image_655.jpg,1
BearData\Animals\image_656.jpg,1
BearData\Animals\image_657.jpg,1
BearData\Animals\image_658.jpg,1
BearData\Animals\image_659.jpg,1
BearData\Animals\image_66.jpg,1
BearData\Animals\image_660.jpg,1
BearData\Animals\image_661.jpg,1
BearData\Animals\image_662.jpg,1
BearData\Animals\image_663.jpg,1
BearData\Animals\image_664.jpg,1
BearData\Animals\image_665.jpg,1
BearData\Animals\image_666.jpg,1
BearData\Animals\image_667.jpg,1
BearData\Animals\image_668.jpg,1
BearData\Animals\image_669.jpg,1
BearData\Animals\image_67.jpg,1
BearData\Animals\image_670.jpg,1
BearData\Animals\image_671.jpg,1
BearData\Animals\image_672.jpg,1
BearData\Animals\image_673.jpg,1
BearData\Animals\image_674.jpg,1
BearData\Animals\image_675.jpg,1
BearData\Animals\image_676.jpg,1
BearData\Animals\image_677.jpg,1
BearData\Animals\image_678.jpg,1
BearData\Animals\image_679.jpg,1
BearData\Animals\image_68.jpg,1
BearData\Animals\image_680.jpg,1
BearData\Animals\image_681.jpg,1
BearData\Animals\image_682.jpg,1
BearData\Animals\image_683.jpg,1
BearData\Animals\image_684.jpg,1
BearData\Animals\image_685.jpg,1
BearData\Animals\image_686.jpg,1
BearData\Animals\image_687.jpg,1
BearData\Animals\image_688.jpg,1
BearData\Animals\image_689.jpg,1
BearData\Animals\image_69.jpg,1
BearData\Animals\image_690.jpg,1
BearData\Animals\image_691.jpg,1
BearData\Animals\image_692.jpg,1
BearData\Animals\image_693.jpg,1
BearData\Animals\image_694.jpg,1
BearData\Animals\image_695.jpg,1
BearData\Animals\image_696.jpg,1
BearData\Animals\image_697.jpg,1
BearData\Animals\image_698.jpg,1
BearData\Animals\image_699.jpg,1
BearData\Animals\image_7.jpg,1
BearData\Animals\image_70.jpg,1
BearData\Animals\image_700.jpg,1
BearData\Animals\image_701.jpg,1
BearData\Animals\image_702.jpg,1
BearData\Animals\image_703.jpg,1
BearData\Animals\image_704.jpg,1
BearData\Animals\image_705.jpg,1
BearData\Animals\image_706.jpg,1
BearData\Animals\image_707.jpg,1
BearData\Animals\image_708.jpg,1
BearData\Animals\image_709.jpg,1
BearData\Animals\image_71.jpg,1
BearData\Animals\image_710.jpg,1
BearData\Animals\image_711.jpg,1
BearData\Animals\image_712.jpg,1
BearData\Animals\image_713.jpg,1
BearData\Animals\image_714.jpg,1
BearData\Animals\image_715.jpg,1
BearData\Animals\image_716.jpg,1
BearData\Animals\image_717.jpg,1
BearData\Animals\image_718.jpg,1
BearData\Animals\image_719.jpg,1
BearData\Animals\image_72.jpg,1
BearData\Animals\image_720.jpg,1
BearData\Animals\image_721.jpg,1
BearData\Animals\image_722.jpg,1
BearData\Animals\image_723.jpg,1
BearData\Animals\image_724.jpg,1
BearData\Animals\image_725.jpg,1
BearData\Animals\image_726.jpg,1
BearData\Animals\image_727.jpg,1
BearData\Animals\image_728.jpg,1
BearData\Animals\image_729.jpg,1
BearData\Animals\image_73.jpg,1
BearData\Animals\image_730.jpg,1
BearData\Animals\image_74.jpg,1
BearData\Animals\image_75.jpg,1
BearData\Animals\image_76.jpg,1
BearData\Animals\image_77.jpg,1
BearData\Animals\image_78.jpg,1
BearData\Animals\image_79.jpg,1
BearData\Animals\image_8.jpg,1
BearData\Animals\image_80.jpg,1
BearData\Animals\image_81.jpg,1
BearData\Animals\image_82.jpg,1
BearData\Animals\image_83.jpg,1
BearData\Animals\image_84.jpg,1
BearData\Animals\image_85.jpg,1
BearData\Animals\image_86.jpg,1
BearData\Animals\image_87.jpg,1
BearData\Animals\image_88.jpg,1
BearData\Animals\image_89.jpg,1
BearData\Animals\image_9.jpg,1
BearData\Animals\image_90.jpg,1
BearData\Animals\image_91.jpg,1
BearData\Animals\image_92.jpg,1
BearData\Animals\image_93.jpg,1
BearData\Animals\image_94.jpg,1
BearData\Animals\image_95.jpg,1
BearData\Animals\image_96.jpg,1
BearData\Animals\image_97.jpg,1
BearData\Animals\image_98.jpg,1
BearData\Animals\image_99.jpg,1
